{
	"partitions" : [
		{
			"name" : "Top",
			"pins" : [
				{
					"name" : "aluo[0]",
					"strict" : false
				},
				{
					"name" : "aluo[1]",
					"strict" : false
				},
				{
					"name" : "aluo[2]",
					"strict" : false
				},
				{
					"name" : "aluo[3]",
					"strict" : false
				},
				{
					"name" : "aluo[4]",
					"strict" : false
				},
				{
					"name" : "aluo[5]",
					"strict" : false
				},
				{
					"name" : "aluo[6]",
					"strict" : false
				},
				{
					"name" : "aluo[7]",
					"strict" : false
				},
				{
					"name" : "aluo[8]",
					"strict" : false
				},
				{
					"name" : "aluo[9]",
					"strict" : false
				},
				{
					"name" : "aluo[10]",
					"strict" : false
				},
				{
					"name" : "aluo[11]",
					"strict" : false
				},
				{
					"name" : "aluo[12]",
					"strict" : false
				},
				{
					"name" : "aluo[13]",
					"strict" : false
				},
				{
					"name" : "aluo[14]",
					"strict" : false
				},
				{
					"name" : "aluo[15]",
					"strict" : false
				},
				{
					"name" : "C",
					"strict" : false
				},
				{
					"name" : "Z",
					"strict" : false
				},
				{
					"name" : "D1[0]",
					"strict" : false
				},
				{
					"name" : "D1[1]",
					"strict" : false
				},
				{
					"name" : "D1[2]",
					"strict" : false
				},
				{
					"name" : "D1[3]",
					"strict" : false
				},
				{
					"name" : "D1[4]",
					"strict" : false
				},
				{
					"name" : "D1[5]",
					"strict" : false
				},
				{
					"name" : "D1[6]",
					"strict" : false
				},
				{
					"name" : "D1[7]",
					"strict" : false
				},
				{
					"name" : "D1[8]",
					"strict" : false
				},
				{
					"name" : "D1[9]",
					"strict" : false
				},
				{
					"name" : "D1[10]",
					"strict" : false
				},
				{
					"name" : "D1[11]",
					"strict" : false
				},
				{
					"name" : "D1[12]",
					"strict" : false
				},
				{
					"name" : "D1[13]",
					"strict" : false
				},
				{
					"name" : "D1[14]",
					"strict" : false
				},
				{
					"name" : "D1[15]",
					"strict" : false
				},
				{
					"name" : "D2[0]",
					"strict" : false
				},
				{
					"name" : "D2[1]",
					"strict" : false
				},
				{
					"name" : "D2[2]",
					"strict" : false
				},
				{
					"name" : "D2[3]",
					"strict" : false
				},
				{
					"name" : "D2[4]",
					"strict" : false
				},
				{
					"name" : "D2[5]",
					"strict" : false
				},
				{
					"name" : "D2[6]",
					"strict" : false
				},
				{
					"name" : "D2[7]",
					"strict" : false
				},
				{
					"name" : "D2[8]",
					"strict" : false
				},
				{
					"name" : "D2[9]",
					"strict" : false
				},
				{
					"name" : "D2[10]",
					"strict" : false
				},
				{
					"name" : "D2[11]",
					"strict" : false
				},
				{
					"name" : "D2[12]",
					"strict" : false
				},
				{
					"name" : "D2[13]",
					"strict" : false
				},
				{
					"name" : "D2[14]",
					"strict" : false
				},
				{
					"name" : "D2[15]",
					"strict" : false
				},
				{
					"name" : "s[0]",
					"strict" : false
				},
				{
					"name" : "s[1]",
					"strict" : false
				},
				{
					"name" : "s[2]",
					"strict" : false
				},
				{
					"name" : "N",
					"strict" : false
				},
				{
					"name" : "data_out[0]",
					"strict" : false
				},
				{
					"name" : "data_out[1]",
					"strict" : false
				},
				{
					"name" : "data_out[2]",
					"strict" : false
				},
				{
					"name" : "data_out[3]",
					"strict" : false
				},
				{
					"name" : "data_out[4]",
					"strict" : false
				},
				{
					"name" : "data_out[5]",
					"strict" : false
				},
				{
					"name" : "data_out[6]",
					"strict" : false
				},
				{
					"name" : "data_out[7]",
					"strict" : false
				},
				{
					"name" : "data_out[8]",
					"strict" : false
				},
				{
					"name" : "data_out[9]",
					"strict" : false
				},
				{
					"name" : "data_out[10]",
					"strict" : false
				},
				{
					"name" : "data_out[11]",
					"strict" : false
				},
				{
					"name" : "data_out[12]",
					"strict" : false
				},
				{
					"name" : "data_out[13]",
					"strict" : false
				},
				{
					"name" : "data_out[14]",
					"strict" : false
				},
				{
					"name" : "data_out[15]",
					"strict" : false
				},
				{
					"name" : "aluc",
					"strict" : false
				},
				{
					"name" : "alui2[0]",
					"strict" : false
				},
				{
					"name" : "alui1[0]",
					"strict" : false
				},
				{
					"name" : "alui2[1]",
					"strict" : false
				},
				{
					"name" : "alui1[1]",
					"strict" : false
				},
				{
					"name" : "alui2[2]",
					"strict" : false
				},
				{
					"name" : "alui1[2]",
					"strict" : false
				},
				{
					"name" : "alui2[3]",
					"strict" : false
				},
				{
					"name" : "alui1[3]",
					"strict" : false
				},
				{
					"name" : "alui2[4]",
					"strict" : false
				},
				{
					"name" : "alui1[4]",
					"strict" : false
				},
				{
					"name" : "alui2[5]",
					"strict" : false
				},
				{
					"name" : "alui1[5]",
					"strict" : false
				},
				{
					"name" : "alui2[6]",
					"strict" : false
				},
				{
					"name" : "alui1[6]",
					"strict" : false
				},
				{
					"name" : "alui2[7]",
					"strict" : false
				},
				{
					"name" : "alui1[7]",
					"strict" : false
				},
				{
					"name" : "alui2[8]",
					"strict" : false
				},
				{
					"name" : "alui1[8]",
					"strict" : false
				},
				{
					"name" : "alui2[9]",
					"strict" : false
				},
				{
					"name" : "alui1[9]",
					"strict" : false
				},
				{
					"name" : "alui2[10]",
					"strict" : false
				},
				{
					"name" : "alui1[10]",
					"strict" : false
				},
				{
					"name" : "alui2[11]",
					"strict" : false
				},
				{
					"name" : "alui1[11]",
					"strict" : false
				},
				{
					"name" : "alui2[12]",
					"strict" : false
				},
				{
					"name" : "alui1[12]",
					"strict" : false
				},
				{
					"name" : "alui2[13]",
					"strict" : false
				},
				{
					"name" : "alui1[13]",
					"strict" : false
				},
				{
					"name" : "alui2[14]",
					"strict" : false
				},
				{
					"name" : "alui1[14]",
					"strict" : false
				},
				{
					"name" : "alui2[15]",
					"strict" : false
				},
				{
					"name" : "alui1[15]",
					"strict" : false
				},
				{
					"name" : "A1[2]",
					"strict" : false
				},
				{
					"name" : "A1[0]",
					"strict" : false
				},
				{
					"name" : "A1[1]",
					"strict" : false
				},
				{
					"name" : "A2[2]",
					"strict" : false
				},
				{
					"name" : "A2[0]",
					"strict" : false
				},
				{
					"name" : "A2[1]",
					"strict" : false
				},
				{
					"name" : "tx[7]",
					"strict" : false
				},
				{
					"name" : "tx[6]",
					"strict" : false
				},
				{
					"name" : "tx[5]",
					"strict" : false
				},
				{
					"name" : "tx[4]",
					"strict" : false
				},
				{
					"name" : "tx[3]",
					"strict" : false
				},
				{
					"name" : "tx[1]",
					"strict" : false
				},
				{
					"name" : "tx[2]",
					"strict" : false
				},
				{
					"name" : "tx[0]",
					"strict" : false
				},
				{
					"name" : "D3[0]",
					"strict" : false
				},
				{
					"name" : "clk",
					"strict" : false
				},
				{
					"name" : "A3[0]",
					"strict" : false
				},
				{
					"name" : "WR",
					"strict" : false
				},
				{
					"name" : "A3[1]",
					"strict" : false
				},
				{
					"name" : "A3[2]",
					"strict" : false
				},
				{
					"name" : "D3[1]",
					"strict" : false
				},
				{
					"name" : "D3[2]",
					"strict" : false
				},
				{
					"name" : "D3[3]",
					"strict" : false
				},
				{
					"name" : "D3[4]",
					"strict" : false
				},
				{
					"name" : "D3[5]",
					"strict" : false
				},
				{
					"name" : "D3[6]",
					"strict" : false
				},
				{
					"name" : "D3[7]",
					"strict" : false
				},
				{
					"name" : "D3[8]",
					"strict" : false
				},
				{
					"name" : "D3[9]",
					"strict" : false
				},
				{
					"name" : "D3[10]",
					"strict" : false
				},
				{
					"name" : "D3[11]",
					"strict" : false
				},
				{
					"name" : "D3[12]",
					"strict" : false
				},
				{
					"name" : "D3[13]",
					"strict" : false
				},
				{
					"name" : "D3[14]",
					"strict" : false
				},
				{
					"name" : "D3[15]",
					"strict" : false
				},
				{
					"name" : "addr[15]",
					"strict" : false
				},
				{
					"name" : "addr[13]",
					"strict" : false
				},
				{
					"name" : "addr[14]",
					"strict" : false
				},
				{
					"name" : "data_in[0]",
					"strict" : false
				},
				{
					"name" : "addr[0]",
					"strict" : false
				},
				{
					"name" : "addr[1]",
					"strict" : false
				},
				{
					"name" : "addr[2]",
					"strict" : false
				},
				{
					"name" : "addr[3]",
					"strict" : false
				},
				{
					"name" : "addr[4]",
					"strict" : false
				},
				{
					"name" : "addr[5]",
					"strict" : false
				},
				{
					"name" : "addr[6]",
					"strict" : false
				},
				{
					"name" : "addr[7]",
					"strict" : false
				},
				{
					"name" : "addr[8]",
					"strict" : false
				},
				{
					"name" : "addr[9]",
					"strict" : false
				},
				{
					"name" : "addr[10]",
					"strict" : false
				},
				{
					"name" : "addr[11]",
					"strict" : false
				},
				{
					"name" : "addr[12]",
					"strict" : false
				},
				{
					"name" : "data_in[1]",
					"strict" : false
				},
				{
					"name" : "data_in[2]",
					"strict" : false
				},
				{
					"name" : "data_in[3]",
					"strict" : false
				},
				{
					"name" : "data_in[4]",
					"strict" : false
				},
				{
					"name" : "data_in[5]",
					"strict" : false
				},
				{
					"name" : "data_in[6]",
					"strict" : false
				},
				{
					"name" : "data_in[7]",
					"strict" : false
				},
				{
					"name" : "data_in[8]",
					"strict" : false
				},
				{
					"name" : "data_in[9]",
					"strict" : false
				},
				{
					"name" : "data_in[10]",
					"strict" : false
				},
				{
					"name" : "data_in[11]",
					"strict" : false
				},
				{
					"name" : "data_in[12]",
					"strict" : false
				},
				{
					"name" : "data_in[13]",
					"strict" : false
				},
				{
					"name" : "data_in[14]",
					"strict" : false
				},
				{
					"name" : "data_in[15]",
					"strict" : false
				}
			]
		}
	]
}